"id","n","label","parent"
"total",117958,NA,NA
"total",123,"total","total"
"total  -  Action",18670,"Action","total"
"total  -  Adventure",11132,"Adventure","total"
"total  -  Animation",4145,"Animation","total"
"total  -  Comedy",16745,"Comedy","total"
"total  -  Crime",12145,"Crime","total"
"total  -  Drama",29427,"Drama","total"
"total  -  Family",383,"Family","total"
"total  -  Fantasy",2308,"Fantasy","total"
"total  -  Horror",1238,"Horror","total"
"total  -  Music",117,"Music","total"
"total  -  Mystery",5208,"Mystery","total"
"total  -  Romance",8965,"Romance","total"
"total  -  Sci Fi",1096,"Sci Fi","total"
"total  -  Short",83,"Short","total"
"total  -  Thriller",6173,"Thriller","total"
"total  -  Western",123,"Western","total"
"total  -  Action  -  Argentina",149,"Argentina","total  -  Action"
"total  -  Adventure  -  Argentina",109,"Argentina","total  -  Adventure"
"total  -  Animation  -  Argentina",55,"Argentina","total  -  Animation"
"total  -  Comedy  -  Argentina",167,"Argentina","total  -  Comedy"
"total  -  Crime  -  Argentina",133,"Argentina","total  -  Crime"
"total  -  Drama  -  Argentina",359,"Argentina","total  -  Drama"
"total  -  Horror  -  Argentina",39,"Argentina","total  -  Horror"
"total  -  Mystery  -  Argentina",67,"Argentina","total  -  Mystery"
"total  -  Romance  -  Argentina",96,"Argentina","total  -  Romance"
"total  -  Thriller  -  Argentina",78,"Argentina","total  -  Thriller"
"total  -  Action  -  Australia",192,"Australia","total  -  Action"
"total  -  Adventure  -  Australia",140,"Australia","total  -  Adventure"
"total  -  Animation  -  Australia",57,"Australia","total  -  Animation"
"total  -  Comedy  -  Australia",185,"Australia","total  -  Comedy"
"total  -  Crime  -  Australia",126,"Australia","total  -  Crime"
"total  -  Drama  -  Australia",278,"Australia","total  -  Drama"
"total  -  Fantasy  -  Australia",52,"Australia","total  -  Fantasy"
"total  -  Mystery  -  Australia",62,"Australia","total  -  Mystery"
"total  -  Romance  -  Australia",74,"Australia","total  -  Romance"
"total  -  Thriller  -  Australia",63,"Australia","total  -  Thriller"
"total  -  Action  -  Austria",207,"Austria","total  -  Action"
"total  -  Adventure  -  Austria",127,"Austria","total  -  Adventure"
"total  -  Comedy  -  Austria",180,"Austria","total  -  Comedy"
"total  -  Crime  -  Austria",146,"Austria","total  -  Crime"
"total  -  Drama  -  Austria",308,"Austria","total  -  Drama"
"total  -  Family  -  Austria",45,"Austria","total  -  Family"
"total  -  Fantasy  -  Austria",60,"Austria","total  -  Fantasy"
"total  -  Mystery  -  Austria",62,"Austria","total  -  Mystery"
"total  -  Romance  -  Austria",85,"Austria","total  -  Romance"
"total  -  Thriller  -  Austria",72,"Austria","total  -  Thriller"
"total  -  Action  -  Bahamas",188,"Bahamas","total  -  Action"
"total  -  Adventure  -  Bahamas",111,"Bahamas","total  -  Adventure"
"total  -  Animation  -  Bahamas",76,"Bahamas","total  -  Animation"
"total  -  Comedy  -  Bahamas",172,"Bahamas","total  -  Comedy"
"total  -  Crime  -  Bahamas",130,"Bahamas","total  -  Crime"
"total  -  Drama  -  Bahamas",286,"Bahamas","total  -  Drama"
"total  -  Family  -  Bahamas",49,"Bahamas","total  -  Family"
"total  -  Mystery  -  Bahamas",47,"Bahamas","total  -  Mystery"
"total  -  Romance  -  Bahamas",71,"Bahamas","total  -  Romance"
"total  -  Thriller  -  Bahamas",94,"Bahamas","total  -  Thriller"
"total  -  Action  -  Bahrain",214,"Bahrain","total  -  Action"
"total  -  Adventure  -  Bahrain",114,"Bahrain","total  -  Adventure"
"total  -  Animation  -  Bahrain",39,"Bahrain","total  -  Animation"
"total  -  Comedy  -  Bahrain",160,"Bahrain","total  -  Comedy"
"total  -  Crime  -  Bahrain",130,"Bahrain","total  -  Crime"
"total  -  Drama  -  Bahrain",326,"Bahrain","total  -  Drama"
"total  -  Fantasy  -  Bahrain",40,"Bahrain","total  -  Fantasy"
"total  -  Mystery  -  Bahrain",55,"Bahrain","total  -  Mystery"
"total  -  Romance  -  Bahrain",96,"Bahrain","total  -  Romance"
"total  -  Thriller  -  Bahrain",69,"Bahrain","total  -  Thriller"
"total  -  Action  -  Bangladesh",243,"Bangladesh","total  -  Action"
"total  -  Adventure  -  Bangladesh",91,"Bangladesh","total  -  Adventure"
"total  -  Animation  -  Bangladesh",35,"Bangladesh","total  -  Animation"
"total  -  Comedy  -  Bangladesh",181,"Bangladesh","total  -  Comedy"
"total  -  Crime  -  Bangladesh",173,"Bangladesh","total  -  Crime"
"total  -  Drama  -  Bangladesh",363,"Bangladesh","total  -  Drama"
"total  -  Mystery  -  Bangladesh",97,"Bangladesh","total  -  Mystery"
"total  -  Romance  -  Bangladesh",101,"Bangladesh","total  -  Romance"
"total  -  Sci Fi  -  Bangladesh",42,"Bangladesh","total  -  Sci Fi"
"total  -  Thriller  -  Bangladesh",69,"Bangladesh","total  -  Thriller"
"total  -  Action  -  Belgium",205,"Belgium","total  -  Action"
"total  -  Adventure  -  Belgium",140,"Belgium","total  -  Adventure"
"total  -  Animation  -  Belgium",56,"Belgium","total  -  Animation"
"total  -  Comedy  -  Belgium",186,"Belgium","total  -  Comedy"
"total  -  Crime  -  Belgium",139,"Belgium","total  -  Crime"
"total  -  Drama  -  Belgium",306,"Belgium","total  -  Drama"
"total  -  Fantasy  -  Belgium",53,"Belgium","total  -  Fantasy"
"total  -  Mystery  -  Belgium",52,"Belgium","total  -  Mystery"
"total  -  Romance  -  Belgium",88,"Belgium","total  -  Romance"
"total  -  Thriller  -  Belgium",60,"Belgium","total  -  Thriller"
"total  -  Action  -  Bolivia",173,"Bolivia","total  -  Action"
"total  -  Adventure  -  Bolivia",147,"Bolivia","total  -  Adventure"
"total  -  Animation  -  Bolivia",99,"Bolivia","total  -  Animation"
"total  -  Comedy  -  Bolivia",215,"Bolivia","total  -  Comedy"
"total  -  Crime  -  Bolivia",83,"Bolivia","total  -  Crime"
"total  -  Drama  -  Bolivia",264,"Bolivia","total  -  Drama"
"total  -  Horror  -  Bolivia",32,"Bolivia","total  -  Horror"
"total  -  Mystery  -  Bolivia",46,"Bolivia","total  -  Mystery"
"total  -  Romance  -  Bolivia",106,"Bolivia","total  -  Romance"
"total  -  Thriller  -  Bolivia",52,"Bolivia","total  -  Thriller"
"total  -  Action  -  Brazil",169,"Brazil","total  -  Action"
"total  -  Adventure  -  Brazil",194,"Brazil","total  -  Adventure"
"total  -  Animation  -  Brazil",72,"Brazil","total  -  Animation"
"total  -  Comedy  -  Brazil",172,"Brazil","total  -  Comedy"
"total  -  Crime  -  Brazil",112,"Brazil","total  -  Crime"
"total  -  Drama  -  Brazil",255,"Brazil","total  -  Drama"
"total  -  Family  -  Brazil",77,"Brazil","total  -  Family"
"total  -  Mystery  -  Brazil",54,"Brazil","total  -  Mystery"
"total  -  Romance  -  Brazil",117,"Brazil","total  -  Romance"
"total  -  Thriller  -  Brazil",66,"Brazil","total  -  Thriller"
"total  -  Action  -  Bulgaria",223,"Bulgaria","total  -  Action"
"total  -  Adventure  -  Bulgaria",133,"Bulgaria","total  -  Adventure"
"total  -  Animation  -  Bulgaria",52,"Bulgaria","total  -  Animation"
"total  -  Comedy  -  Bulgaria",178,"Bulgaria","total  -  Comedy"
"total  -  Crime  -  Bulgaria",119,"Bulgaria","total  -  Crime"
"total  -  Drama  -  Bulgaria",303,"Bulgaria","total  -  Drama"
"total  -  Mystery  -  Bulgaria",49,"Bulgaria","total  -  Mystery"
"total  -  Romance  -  Bulgaria",98,"Bulgaria","total  -  Romance"
"total  -  Sci Fi  -  Bulgaria",43,"Bulgaria","total  -  Sci Fi"
"total  -  Thriller  -  Bulgaria",55,"Bulgaria","total  -  Thriller"
"total  -  Action  -  Canada",167,"Canada","total  -  Action"
"total  -  Adventure  -  Canada",110,"Canada","total  -  Adventure"
"total  -  Animation  -  Canada",55,"Canada","total  -  Animation"
"total  -  Comedy  -  Canada",168,"Canada","total  -  Comedy"
"total  -  Crime  -  Canada",135,"Canada","total  -  Crime"
"total  -  Drama  -  Canada",273,"Canada","total  -  Drama"
"total  -  Horror  -  Canada",36,"Canada","total  -  Horror"
"total  -  Mystery  -  Canada",67,"Canada","total  -  Mystery"
"total  -  Romance  -  Canada",71,"Canada","total  -  Romance"
"total  -  Sci Fi  -  Canada",36,"Canada","total  -  Sci Fi"
"total  -  Thriller  -  Canada",68,"Canada","total  -  Thriller"
"total  -  Action  -  Chile",144,"Chile","total  -  Action"
"total  -  Adventure  -  Chile",125,"Chile","total  -  Adventure"
"total  -  Animation  -  Chile",74,"Chile","total  -  Animation"
"total  -  Comedy  -  Chile",195,"Chile","total  -  Comedy"
"total  -  Crime  -  Chile",97,"Chile","total  -  Crime"
"total  -  Drama  -  Chile",325,"Chile","total  -  Drama"
"total  -  Horror  -  Chile",34,"Chile","total  -  Horror"
"total  -  Music  -  Chile",34,"Chile","total  -  Music"
"total  -  Mystery  -  Chile",47,"Chile","total  -  Mystery"
"total  -  Romance  -  Chile",118,"Chile","total  -  Romance"
"total  -  Thriller  -  Chile",57,"Chile","total  -  Thriller"
"total  -  Action  -  Colombia",159,"Colombia","total  -  Action"
"total  -  Adventure  -  Colombia",115,"Colombia","total  -  Adventure"
"total  -  Animation  -  Colombia",61,"Colombia","total  -  Animation"
"total  -  Comedy  -  Colombia",192,"Colombia","total  -  Comedy"
"total  -  Crime  -  Colombia",108,"Colombia","total  -  Crime"
"total  -  Drama  -  Colombia",282,"Colombia","total  -  Drama"
"total  -  Horror  -  Colombia",35,"Colombia","total  -  Horror"
"total  -  Mystery  -  Colombia",50,"Colombia","total  -  Mystery"
"total  -  Romance  -  Colombia",108,"Colombia","total  -  Romance"
"total  -  Thriller  -  Colombia",76,"Colombia","total  -  Thriller"
"total  -  Action  -  Costa Rica",134,"Costa Rica","total  -  Action"
"total  -  Adventure  -  Costa Rica",106,"Costa Rica","total  -  Adventure"
"total  -  Animation  -  Costa Rica",61,"Costa Rica","total  -  Animation"
"total  -  Comedy  -  Costa Rica",200,"Costa Rica","total  -  Comedy"
"total  -  Crime  -  Costa Rica",93,"Costa Rica","total  -  Crime"
"total  -  Drama  -  Costa Rica",318,"Costa Rica","total  -  Drama"
"total  -  Horror  -  Costa Rica",35,"Costa Rica","total  -  Horror"
"total  -  Mystery  -  Costa Rica",47,"Costa Rica","total  -  Mystery"
"total  -  Romance  -  Costa Rica",128,"Costa Rica","total  -  Romance"
"total  -  Thriller  -  Costa Rica",70,"Costa Rica","total  -  Thriller"
"total  -  Action  -  Croatia",178,"Croatia","total  -  Action"
"total  -  Adventure  -  Croatia",118,"Croatia","total  -  Adventure"
"total  -  Animation  -  Croatia",54,"Croatia","total  -  Animation"
"total  -  Comedy  -  Croatia",205,"Croatia","total  -  Comedy"
"total  -  Crime  -  Croatia",124,"Croatia","total  -  Crime"
"total  -  Drama  -  Croatia",286,"Croatia","total  -  Drama"
"total  -  Fantasy  -  Croatia",31,"Croatia","total  -  Fantasy"
"total  -  Mystery  -  Croatia",51,"Croatia","total  -  Mystery"
"total  -  Romance  -  Croatia",91,"Croatia","total  -  Romance"
"total  -  Thriller  -  Croatia",57,"Croatia","total  -  Thriller"
"total  -  Action  -  Cyprus",210,"Cyprus","total  -  Action"
"total  -  Adventure  -  Cyprus",138,"Cyprus","total  -  Adventure"
"total  -  Animation  -  Cyprus",52,"Cyprus","total  -  Animation"
"total  -  Comedy  -  Cyprus",190,"Cyprus","total  -  Comedy"
"total  -  Crime  -  Cyprus",126,"Cyprus","total  -  Crime"
"total  -  Drama  -  Cyprus",328,"Cyprus","total  -  Drama"
"total  -  Mystery  -  Cyprus",52,"Cyprus","total  -  Mystery"
"total  -  Romance  -  Cyprus",89,"Cyprus","total  -  Romance"
"total  -  Sci Fi  -  Cyprus",45,"Cyprus","total  -  Sci Fi"
"total  -  Thriller  -  Cyprus",55,"Cyprus","total  -  Thriller"
"total  -  Action  -  Czech Republic",202,"Czech Republic","total  -  Action"
"total  -  Adventure  -  Czech Republic",152,"Czech Republic","total  -  Adventure"
"total  -  Animation  -  Czech Republic",84,"Czech Republic","total  -  Animation"
"total  -  Comedy  -  Czech Republic",188,"Czech Republic","total  -  Comedy"
"total  -  Crime  -  Czech Republic",125,"Czech Republic","total  -  Crime"
"total  -  Drama  -  Czech Republic",296,"Czech Republic","total  -  Drama"
"total  -  Fantasy  -  Czech Republic",50,"Czech Republic","total  -  Fantasy"
"total  -  Mystery  -  Czech Republic",54,"Czech Republic","total  -  Mystery"
"total  -  Romance  -  Czech Republic",72,"Czech Republic","total  -  Romance"
"total  -  Thriller  -  Czech Republic",43,"Czech Republic","total  -  Thriller"
"total  -  Action  -  Denmark",187,"Denmark","total  -  Action"
"total  -  Adventure  -  Denmark",124,"Denmark","total  -  Adventure"
"total  -  Animation  -  Denmark",58,"Denmark","total  -  Animation"
"total  -  Comedy  -  Denmark",179,"Denmark","total  -  Comedy"
"total  -  Crime  -  Denmark",136,"Denmark","total  -  Crime"
"total  -  Drama  -  Denmark",315,"Denmark","total  -  Drama"
"total  -  Fantasy  -  Denmark",42,"Denmark","total  -  Fantasy"
"total  -  Mystery  -  Denmark",50,"Denmark","total  -  Mystery"
"total  -  Romance  -  Denmark",83,"Denmark","total  -  Romance"
"total  -  Thriller  -  Denmark",58,"Denmark","total  -  Thriller"
"total  -  Action  -  Dominican Republic",188,"Dominican Republic","total  -  Action"
"total  -  Adventure  -  Dominican Republic",116,"Dominican Republic","total  -  Adventure"
"total  -  Animation  -  Dominican Republic",49,"Dominican Republic","total  -  Animation"
"total  -  Comedy  -  Dominican Republic",154,"Dominican Republic","total  -  Comedy"
"total  -  Crime  -  Dominican Republic",110,"Dominican Republic","total  -  Crime"
"total  -  Drama  -  Dominican Republic",276,"Dominican Republic","total  -  Drama"
"total  -  Fantasy  -  Dominican Republic",35,"Dominican Republic","total  -  Fantasy"
"total  -  Mystery  -  Dominican Republic",46,"Dominican Republic","total  -  Mystery"
"total  -  Romance  -  Dominican Republic",83,"Dominican Republic","total  -  Romance"
"total  -  Thriller  -  Dominican Republic",77,"Dominican Republic","total  -  Thriller"
"total  -  Action  -  Ecuador",157,"Ecuador","total  -  Action"
"total  -  Adventure  -  Ecuador",124,"Ecuador","total  -  Adventure"
"total  -  Animation  -  Ecuador",70,"Ecuador","total  -  Animation"
"total  -  Comedy  -  Ecuador",200,"Ecuador","total  -  Comedy"
"total  -  Crime  -  Ecuador",81,"Ecuador","total  -  Crime"
"total  -  Drama  -  Ecuador",271,"Ecuador","total  -  Drama"
"total  -  Horror  -  Ecuador",33,"Ecuador","total  -  Horror"
"total  -  Mystery  -  Ecuador",41,"Ecuador","total  -  Mystery"
"total  -  Romance  -  Ecuador",102,"Ecuador","total  -  Romance"
"total  -  Thriller  -  Ecuador",64,"Ecuador","total  -  Thriller"
"total  -  Action  -  Egypt",209,"Egypt","total  -  Action"
"total  -  Adventure  -  Egypt",113,"Egypt","total  -  Adventure"
"total  -  Animation  -  Egypt",54,"Egypt","total  -  Animation"
"total  -  Comedy  -  Egypt",183,"Egypt","total  -  Comedy"
"total  -  Crime  -  Egypt",109,"Egypt","total  -  Crime"
"total  -  Drama  -  Egypt",313,"Egypt","total  -  Drama"
"total  -  Fantasy  -  Egypt",38,"Egypt","total  -  Fantasy"
"total  -  Mystery  -  Egypt",49,"Egypt","total  -  Mystery"
"total  -  Romance  -  Egypt",87,"Egypt","total  -  Romance"
"total  -  Thriller  -  Egypt",65,"Egypt","total  -  Thriller"
"total  -  Action  -  El Salvador",149,"El Salvador","total  -  Action"
"total  -  Adventure  -  El Salvador",110,"El Salvador","total  -  Adventure"
"total  -  Animation  -  El Salvador",64,"El Salvador","total  -  Animation"
"total  -  Comedy  -  El Salvador",184,"El Salvador","total  -  Comedy"
"total  -  Crime  -  El Salvador",99,"El Salvador","total  -  Crime"
"total  -  Drama  -  El Salvador",286,"El Salvador","total  -  Drama"
"total  -  Horror  -  El Salvador",30,"El Salvador","total  -  Horror"
"total  -  Mystery  -  El Salvador",39,"El Salvador","total  -  Mystery"
"total  -  Romance  -  El Salvador",106,"El Salvador","total  -  Romance"
"total  -  Thriller  -  El Salvador",63,"El Salvador","total  -  Thriller"
"total  -  Action  -  Estonia",192,"Estonia","total  -  Action"
"total  -  Adventure  -  Estonia",128,"Estonia","total  -  Adventure"
"total  -  Animation  -  Estonia",60,"Estonia","total  -  Animation"
"total  -  Comedy  -  Estonia",199,"Estonia","total  -  Comedy"
"total  -  Crime  -  Estonia",113,"Estonia","total  -  Crime"
"total  -  Drama  -  Estonia",258,"Estonia","total  -  Drama"
"total  -  Mystery  -  Estonia",60,"Estonia","total  -  Mystery"
"total  -  Romance  -  Estonia",75,"Estonia","total  -  Romance"
"total  -  Sci Fi  -  Estonia",51,"Estonia","total  -  Sci Fi"
"total  -  Thriller  -  Estonia",49,"Estonia","total  -  Thriller"
"total  -  Action  -  Finland",201,"Finland","total  -  Action"
"total  -  Adventure  -  Finland",119,"Finland","total  -  Adventure"
"total  -  Animation  -  Finland",59,"Finland","total  -  Animation"
"total  -  Comedy  -  Finland",168,"Finland","total  -  Comedy"
"total  -  Crime  -  Finland",136,"Finland","total  -  Crime"
"total  -  Drama  -  Finland",320,"Finland","total  -  Drama"
"total  -  Fantasy  -  Finland",38,"Finland","total  -  Fantasy"
"total  -  Mystery  -  Finland",52,"Finland","total  -  Mystery"
"total  -  Romance  -  Finland",73,"Finland","total  -  Romance"
"total  -  Thriller  -  Finland",58,"Finland","total  -  Thriller"
"total  -  Action  -  France",208,"France","total  -  Action"
"total  -  Adventure  -  France",136,"France","total  -  Adventure"
"total  -  Animation  -  France",51,"France","total  -  Animation"
"total  -  Comedy  -  France",155,"France","total  -  Comedy"
"total  -  Crime  -  France",140,"France","total  -  Crime"
"total  -  Drama  -  France",335,"France","total  -  Drama"
"total  -  Fantasy  -  France",57,"France","total  -  Fantasy"
"total  -  Mystery  -  France",52,"France","total  -  Mystery"
"total  -  Romance  -  France",78,"France","total  -  Romance"
"total  -  Thriller  -  France",78,"France","total  -  Thriller"
"total  -  Action  -  Germany",216,"Germany","total  -  Action"
"total  -  Adventure  -  Germany",152,"Germany","total  -  Adventure"
"total  -  Comedy  -  Germany",175,"Germany","total  -  Comedy"
"total  -  Crime  -  Germany",144,"Germany","total  -  Crime"
"total  -  Drama  -  Germany",305,"Germany","total  -  Drama"
"total  -  Family  -  Germany",54,"Germany","total  -  Family"
"total  -  Fantasy  -  Germany",67,"Germany","total  -  Fantasy"
"total  -  Mystery  -  Germany",56,"Germany","total  -  Mystery"
"total  -  Romance  -  Germany",77,"Germany","total  -  Romance"
"total  -  Thriller  -  Germany",73,"Germany","total  -  Thriller"
"total  -  Action  -  Greece",197,"Greece","total  -  Action"
"total  -  Adventure  -  Greece",126,"Greece","total  -  Adventure"
"total  -  Animation  -  Greece",55,"Greece","total  -  Animation"
"total  -  Comedy  -  Greece",171,"Greece","total  -  Comedy"
"total  -  Crime  -  Greece",133,"Greece","total  -  Crime"
"total  -  Drama  -  Greece",322,"Greece","total  -  Drama"
"total  -  Fantasy  -  Greece",47,"Greece","total  -  Fantasy"
"total  -  Mystery  -  Greece",60,"Greece","total  -  Mystery"
"total  -  Romance  -  Greece",93,"Greece","total  -  Romance"
"total  -  Thriller  -  Greece",48,"Greece","total  -  Thriller"
"total  -  Action  -  Guadeloupe",222,"Guadeloupe","total  -  Action"
"total  -  Adventure  -  Guadeloupe",112,"Guadeloupe","total  -  Adventure"
"total  -  Animation  -  Guadeloupe",46,"Guadeloupe","total  -  Animation"
"total  -  Comedy  -  Guadeloupe",165,"Guadeloupe","total  -  Comedy"
"total  -  Crime  -  Guadeloupe",137,"Guadeloupe","total  -  Crime"
"total  -  Drama  -  Guadeloupe",339,"Guadeloupe","total  -  Drama"
"total  -  Fantasy  -  Guadeloupe",49,"Guadeloupe","total  -  Fantasy"
"total  -  Mystery  -  Guadeloupe",45,"Guadeloupe","total  -  Mystery"
"total  -  Romance  -  Guadeloupe",87,"Guadeloupe","total  -  Romance"
"total  -  Thriller  -  Guadeloupe",70,"Guadeloupe","total  -  Thriller"
"total  -  Action  -  Guatemala",133,"Guatemala","total  -  Action"
"total  -  Adventure  -  Guatemala",109,"Guatemala","total  -  Adventure"
"total  -  Animation  -  Guatemala",64,"Guatemala","total  -  Animation"
"total  -  Comedy  -  Guatemala",198,"Guatemala","total  -  Comedy"
"total  -  Crime  -  Guatemala",90,"Guatemala","total  -  Crime"
"total  -  Drama  -  Guatemala",294,"Guatemala","total  -  Drama"
"total  -  Horror  -  Guatemala",30,"Guatemala","total  -  Horror"
"total  -  Music  -  Guatemala",30,"Guatemala","total  -  Music"
"total  -  Mystery  -  Guatemala",44,"Guatemala","total  -  Mystery"
"total  -  Romance  -  Guatemala",115,"Guatemala","total  -  Romance"
"total  -  Thriller  -  Guatemala",58,"Guatemala","total  -  Thriller"
"total  -  Action  -  Honduras",145,"Honduras","total  -  Action"
"total  -  Adventure  -  Honduras",94,"Honduras","total  -  Adventure"
"total  -  Animation  -  Honduras",46,"Honduras","total  -  Animation"
"total  -  Comedy  -  Honduras",190,"Honduras","total  -  Comedy"
"total  -  Crime  -  Honduras",102,"Honduras","total  -  Crime"
"total  -  Drama  -  Honduras",304,"Honduras","total  -  Drama"
"total  -  Horror  -  Honduras",32,"Honduras","total  -  Horror"
"total  -  Mystery  -  Honduras",46,"Honduras","total  -  Mystery"
"total  -  Romance  -  Honduras",125,"Honduras","total  -  Romance"
"total  -  Thriller  -  Honduras",67,"Honduras","total  -  Thriller"
"total  -  Action  -  Hong Kong",249,"Hong Kong","total  -  Action"
"total  -  Adventure  -  Hong Kong",116,"Hong Kong","total  -  Adventure"
"total  -  Comedy  -  Hong Kong",143,"Hong Kong","total  -  Comedy"
"total  -  Crime  -  Hong Kong",113,"Hong Kong","total  -  Crime"
"total  -  Drama  -  Hong Kong",320,"Hong Kong","total  -  Drama"
"total  -  Horror  -  Hong Kong",49,"Hong Kong","total  -  Horror"
"total  -  Mystery  -  Hong Kong",75,"Hong Kong","total  -  Mystery"
"total  -  Romance  -  Hong Kong",120,"Hong Kong","total  -  Romance"
"total  -  Sci Fi  -  Hong Kong",64,"Hong Kong","total  -  Sci Fi"
"total  -  Thriller  -  Hong Kong",68,"Hong Kong","total  -  Thriller"
"total  -  Action  -  Hungary",195,"Hungary","total  -  Action"
"total  -  Adventure  -  Hungary",124,"Hungary","total  -  Adventure"
"total  -  Animation  -  Hungary",68,"Hungary","total  -  Animation"
"total  -  Comedy  -  Hungary",191,"Hungary","total  -  Comedy"
"total  -  Crime  -  Hungary",143,"Hungary","total  -  Crime"
"total  -  Drama  -  Hungary",307,"Hungary","total  -  Drama"
"total  -  Fantasy  -  Hungary",45,"Hungary","total  -  Fantasy"
"total  -  Mystery  -  Hungary",56,"Hungary","total  -  Mystery"
"total  -  Romance  -  Hungary",93,"Hungary","total  -  Romance"
"total  -  Thriller  -  Hungary",53,"Hungary","total  -  Thriller"
"total  -  Action  -  Iceland",188,"Iceland","total  -  Action"
"total  -  Adventure  -  Iceland",137,"Iceland","total  -  Adventure"
"total  -  Animation  -  Iceland",55,"Iceland","total  -  Animation"
"total  -  Comedy  -  Iceland",189,"Iceland","total  -  Comedy"
"total  -  Crime  -  Iceland",129,"Iceland","total  -  Crime"
"total  -  Drama  -  Iceland",284,"Iceland","total  -  Drama"
"total  -  Mystery  -  Iceland",50,"Iceland","total  -  Mystery"
"total  -  Romance  -  Iceland",78,"Iceland","total  -  Romance"
"total  -  Sci Fi  -  Iceland",43,"Iceland","total  -  Sci Fi"
"total  -  Thriller  -  Iceland",53,"Iceland","total  -  Thriller"
"total  -  Action  -  India",266,"India","total  -  Action"
"total  -  Adventure  -  India",73,"India","total  -  Adventure"
"total  -  Comedy  -  India",176,"India","total  -  Comedy"
"total  -  Crime  -  India",219,"India","total  -  Crime"
"total  -  Drama  -  India",391,"India","total  -  Drama"
"total  -  Fantasy  -  India",44,"India","total  -  Fantasy"
"total  -  Horror  -  India",29,"India","total  -  Horror"
"total  -  Mystery  -  India",79,"India","total  -  Mystery"
"total  -  Romance  -  India",97,"India","total  -  Romance"
"total  -  Thriller  -  India",73,"India","total  -  Thriller"
"total  -  Action  -  Indonesia",230,"Indonesia","total  -  Action"
"total  -  Adventure  -  Indonesia",91,"Indonesia","total  -  Adventure"
"total  -  Comedy  -  Indonesia",168,"Indonesia","total  -  Comedy"
"total  -  Crime  -  Indonesia",137,"Indonesia","total  -  Crime"
"total  -  Drama  -  Indonesia",309,"Indonesia","total  -  Drama"
"total  -  Horror  -  Indonesia",51,"Indonesia","total  -  Horror"
"total  -  Mystery  -  Indonesia",76,"Indonesia","total  -  Mystery"
"total  -  Romance  -  Indonesia",109,"Indonesia","total  -  Romance"
"total  -  Sci Fi  -  Indonesia",39,"Indonesia","total  -  Sci Fi"
"total  -  Thriller  -  Indonesia",79,"Indonesia","total  -  Thriller"
"total  -  Action  -  Ireland",146,"Ireland","total  -  Action"
"total  -  Adventure  -  Ireland",132,"Ireland","total  -  Adventure"
"total  -  Animation  -  Ireland",68,"Ireland","total  -  Animation"
"total  -  Comedy  -  Ireland",210,"Ireland","total  -  Comedy"
"total  -  Crime  -  Ireland",130,"Ireland","total  -  Crime"
"total  -  Drama  -  Ireland",288,"Ireland","total  -  Drama"
"total  -  Family  -  Ireland",35,"Ireland","total  -  Family"
"total  -  Mystery  -  Ireland",37,"Ireland","total  -  Mystery"
"total  -  Romance  -  Ireland",85,"Ireland","total  -  Romance"
"total  -  Thriller  -  Ireland",53,"Ireland","total  -  Thriller"
"total  -  Action  -  Israel",204,"Israel","total  -  Action"
"total  -  Adventure  -  Israel",120,"Israel","total  -  Adventure"
"total  -  Animation  -  Israel",57,"Israel","total  -  Animation"
"total  -  Comedy  -  Israel",181,"Israel","total  -  Comedy"
"total  -  Crime  -  Israel",122,"Israel","total  -  Crime"
"total  -  Drama  -  Israel",328,"Israel","total  -  Drama"
"total  -  Mystery  -  Israel",40,"Israel","total  -  Mystery"
"total  -  Romance  -  Israel",93,"Israel","total  -  Romance"
"total  -  Sci Fi  -  Israel",40,"Israel","total  -  Sci Fi"
"total  -  Thriller  -  Israel",71,"Israel","total  -  Thriller"
"total  -  Action  -  Italy",183,"Italy","total  -  Action"
"total  -  Adventure  -  Italy",90,"Italy","total  -  Adventure"
"total  -  Comedy  -  Italy",171,"Italy","total  -  Comedy"
"total  -  Crime  -  Italy",146,"Italy","total  -  Crime"
"total  -  Drama  -  Italy",359,"Italy","total  -  Drama"
"total  -  Fantasy  -  Italy",42,"Italy","total  -  Fantasy"
"total  -  Horror  -  Italy",37,"Italy","total  -  Horror"
"total  -  Mystery  -  Italy",72,"Italy","total  -  Mystery"
"total  -  Romance  -  Italy",94,"Italy","total  -  Romance"
"total  -  Thriller  -  Italy",51,"Italy","total  -  Thriller"
"total  -  Action  -  Jamaica",223,"Jamaica","total  -  Action"
"total  -  Adventure  -  Jamaica",130,"Jamaica","total  -  Adventure"
"total  -  Animation  -  Jamaica",81,"Jamaica","total  -  Animation"
"total  -  Comedy  -  Jamaica",182,"Jamaica","total  -  Comedy"
"total  -  Crime  -  Jamaica",130,"Jamaica","total  -  Crime"
"total  -  Drama  -  Jamaica",286,"Jamaica","total  -  Drama"
"total  -  Fantasy  -  Jamaica",45,"Jamaica","total  -  Fantasy"
"total  -  Mystery  -  Jamaica",46,"Jamaica","total  -  Mystery"
"total  -  Romance  -  Jamaica",77,"Jamaica","total  -  Romance"
"total  -  Thriller  -  Jamaica",93,"Jamaica","total  -  Thriller"
"total  -  Action  -  Japan",239,"Japan","total  -  Action"
"total  -  Adventure  -  Japan",159,"Japan","total  -  Adventure"
"total  -  Animation  -  Japan",96,"Japan","total  -  Animation"
"total  -  Comedy  -  Japan",166,"Japan","total  -  Comedy"
"total  -  Crime  -  Japan",87,"Japan","total  -  Crime"
"total  -  Drama  -  Japan",277,"Japan","total  -  Drama"
"total  -  Horror  -  Japan",36,"Japan","total  -  Horror"
"total  -  Mystery  -  Japan",38,"Japan","total  -  Mystery"
"total  -  Romance  -  Japan",172,"Japan","total  -  Romance"
"total  -  Thriller  -  Japan",64,"Japan","total  -  Thriller"
"total  -  Action  -  Jordan",219,"Jordan","total  -  Action"
"total  -  Adventure  -  Jordan",102,"Jordan","total  -  Adventure"
"total  -  Animation  -  Jordan",116,"Jordan","total  -  Animation"
"total  -  Comedy  -  Jordan",238,"Jordan","total  -  Comedy"
"total  -  Crime  -  Jordan",120,"Jordan","total  -  Crime"
"total  -  Drama  -  Jordan",281,"Jordan","total  -  Drama"
"total  -  Mystery  -  Jordan",46,"Jordan","total  -  Mystery"
"total  -  Romance  -  Jordan",83,"Jordan","total  -  Romance"
"total  -  Short  -  Jordan",83,"Jordan","total  -  Short"
"total  -  Thriller  -  Jordan",60,"Jordan","total  -  Thriller"
"total  -  Action  -  Kenya",216,"Kenya","total  -  Action"
"total  -  Adventure  -  Kenya",100,"Kenya","total  -  Adventure"
"total  -  Comedy  -  Kenya",191,"Kenya","total  -  Comedy"
"total  -  Crime  -  Kenya",132,"Kenya","total  -  Crime"
"total  -  Drama  -  Kenya",329,"Kenya","total  -  Drama"
"total  -  Fantasy  -  Kenya",32,"Kenya","total  -  Fantasy"
"total  -  Mystery  -  Kenya",54,"Kenya","total  -  Mystery"
"total  -  Romance  -  Kenya",99,"Kenya","total  -  Romance"
"total  -  Sci Fi  -  Kenya",36,"Kenya","total  -  Sci Fi"
"total  -  Thriller  -  Kenya",75,"Kenya","total  -  Thriller"
"total  -  Action  -  Kuwait",231,"Kuwait","total  -  Action"
"total  -  Adventure  -  Kuwait",132,"Kuwait","total  -  Adventure"
"total  -  Animation  -  Kuwait",61,"Kuwait","total  -  Animation"
"total  -  Comedy  -  Kuwait",164,"Kuwait","total  -  Comedy"
"total  -  Crime  -  Kuwait",121,"Kuwait","total  -  Crime"
"total  -  Drama  -  Kuwait",313,"Kuwait","total  -  Drama"
"total  -  Fantasy  -  Kuwait",44,"Kuwait","total  -  Fantasy"
"total  -  Mystery  -  Kuwait",55,"Kuwait","total  -  Mystery"
"total  -  Romance  -  Kuwait",80,"Kuwait","total  -  Romance"
"total  -  Thriller  -  Kuwait",73,"Kuwait","total  -  Thriller"
"total  -  Action  -  Latvia",176,"Latvia","total  -  Action"
"total  -  Adventure  -  Latvia",146,"Latvia","total  -  Adventure"
"total  -  Animation  -  Latvia",88,"Latvia","total  -  Animation"
"total  -  Comedy  -  Latvia",228,"Latvia","total  -  Comedy"
"total  -  Crime  -  Latvia",112,"Latvia","total  -  Crime"
"total  -  Drama  -  Latvia",263,"Latvia","total  -  Drama"
"total  -  Mystery  -  Latvia",63,"Latvia","total  -  Mystery"
"total  -  Romance  -  Latvia",82,"Latvia","total  -  Romance"
"total  -  Sci Fi  -  Latvia",40,"Latvia","total  -  Sci Fi"
"total  -  Thriller  -  Latvia",46,"Latvia","total  -  Thriller"
"total  -  Action  -  Lebanon",211,"Lebanon","total  -  Action"
"total  -  Adventure  -  Lebanon",106,"Lebanon","total  -  Adventure"
"total  -  Animation  -  Lebanon",32,"Lebanon","total  -  Animation"
"total  -  Comedy  -  Lebanon",188,"Lebanon","total  -  Comedy"
"total  -  Crime  -  Lebanon",133,"Lebanon","total  -  Crime"
"total  -  Drama  -  Lebanon",364,"Lebanon","total  -  Drama"
"total  -  Fantasy  -  Lebanon",48,"Lebanon","total  -  Fantasy"
"total  -  Mystery  -  Lebanon",40,"Lebanon","total  -  Mystery"
"total  -  Romance  -  Lebanon",113,"Lebanon","total  -  Romance"
"total  -  Thriller  -  Lebanon",64,"Lebanon","total  -  Thriller"
"total  -  Action  -  Lithuania",152,"Lithuania","total  -  Action"
"total  -  Adventure  -  Lithuania",100,"Lithuania","total  -  Adventure"
"total  -  Animation  -  Lithuania",60,"Lithuania","total  -  Animation"
"total  -  Comedy  -  Lithuania",206,"Lithuania","total  -  Comedy"
"total  -  Crime  -  Lithuania",117,"Lithuania","total  -  Crime"
"total  -  Drama  -  Lithuania",260,"Lithuania","total  -  Drama"
"total  -  Fantasy  -  Lithuania",36,"Lithuania","total  -  Fantasy"
"total  -  Mystery  -  Lithuania",51,"Lithuania","total  -  Mystery"
"total  -  Romance  -  Lithuania",93,"Lithuania","total  -  Romance"
"total  -  Thriller  -  Lithuania",52,"Lithuania","total  -  Thriller"
"total  -  Action  -  Luxembourg",182,"Luxembourg","total  -  Action"
"total  -  Adventure  -  Luxembourg",129,"Luxembourg","total  -  Adventure"
"total  -  Animation  -  Luxembourg",55,"Luxembourg","total  -  Animation"
"total  -  Comedy  -  Luxembourg",178,"Luxembourg","total  -  Comedy"
"total  -  Crime  -  Luxembourg",135,"Luxembourg","total  -  Crime"
"total  -  Drama  -  Luxembourg",333,"Luxembourg","total  -  Drama"
"total  -  Fantasy  -  Luxembourg",49,"Luxembourg","total  -  Fantasy"
"total  -  Mystery  -  Luxembourg",53,"Luxembourg","total  -  Mystery"
"total  -  Romance  -  Luxembourg",97,"Luxembourg","total  -  Romance"
"total  -  Thriller  -  Luxembourg",52,"Luxembourg","total  -  Thriller"
"total  -  Action  -  Malaysia",261,"Malaysia","total  -  Action"
"total  -  Adventure  -  Malaysia",114,"Malaysia","total  -  Adventure"
"total  -  Animation  -  Malaysia",41,"Malaysia","total  -  Animation"
"total  -  Comedy  -  Malaysia",183,"Malaysia","total  -  Comedy"
"total  -  Crime  -  Malaysia",149,"Malaysia","total  -  Crime"
"total  -  Drama  -  Malaysia",291,"Malaysia","total  -  Drama"
"total  -  Horror  -  Malaysia",43,"Malaysia","total  -  Horror"
"total  -  Mystery  -  Malaysia",75,"Malaysia","total  -  Mystery"
"total  -  Romance  -  Malaysia",106,"Malaysia","total  -  Romance"
"total  -  Thriller  -  Malaysia",73,"Malaysia","total  -  Thriller"
"total  -  Action  -  Maldives",212,"Maldives","total  -  Action"
"total  -  Adventure  -  Maldives",103,"Maldives","total  -  Adventure"
"total  -  Animation  -  Maldives",45,"Maldives","total  -  Animation"
"total  -  Comedy  -  Maldives",176,"Maldives","total  -  Comedy"
"total  -  Crime  -  Maldives",156,"Maldives","total  -  Crime"
"total  -  Drama  -  Maldives",323,"Maldives","total  -  Drama"
"total  -  Fantasy  -  Maldives",34,"Maldives","total  -  Fantasy"
"total  -  Mystery  -  Maldives",78,"Maldives","total  -  Mystery"
"total  -  Romance  -  Maldives",105,"Maldives","total  -  Romance"
"total  -  Thriller  -  Maldives",66,"Maldives","total  -  Thriller"
"total  -  Action  -  Malta",188,"Malta","total  -  Action"
"total  -  Adventure  -  Malta",93,"Malta","total  -  Adventure"
"total  -  Comedy  -  Malta",161,"Malta","total  -  Comedy"
"total  -  Crime  -  Malta",149,"Malta","total  -  Crime"
"total  -  Drama  -  Malta",331,"Malta","total  -  Drama"
"total  -  Fantasy  -  Malta",27,"Malta","total  -  Fantasy"
"total  -  Mystery  -  Malta",58,"Malta","total  -  Mystery"
"total  -  Romance  -  Malta",105,"Malta","total  -  Romance"
"total  -  Sci Fi  -  Malta",38,"Malta","total  -  Sci Fi"
"total  -  Thriller  -  Malta",74,"Malta","total  -  Thriller"
"total  -  Action  -  Martinique",219,"Martinique","total  -  Action"
"total  -  Adventure  -  Martinique",114,"Martinique","total  -  Adventure"
"total  -  Animation  -  Martinique",48,"Martinique","total  -  Animation"
"total  -  Comedy  -  Martinique",175,"Martinique","total  -  Comedy"
"total  -  Crime  -  Martinique",136,"Martinique","total  -  Crime"
"total  -  Drama  -  Martinique",345,"Martinique","total  -  Drama"
"total  -  Fantasy  -  Martinique",43,"Martinique","total  -  Fantasy"
"total  -  Mystery  -  Martinique",45,"Martinique","total  -  Mystery"
"total  -  Romance  -  Martinique",89,"Martinique","total  -  Romance"
"total  -  Thriller  -  Martinique",70,"Martinique","total  -  Thriller"
"total  -  Action  -  Mauritius",214,"Mauritius","total  -  Action"
"total  -  Adventure  -  Mauritius",106,"Mauritius","total  -  Adventure"
"total  -  Animation  -  Mauritius",38,"Mauritius","total  -  Animation"
"total  -  Comedy  -  Mauritius",198,"Mauritius","total  -  Comedy"
"total  -  Crime  -  Mauritius",139,"Mauritius","total  -  Crime"
"total  -  Drama  -  Mauritius",323,"Mauritius","total  -  Drama"
"total  -  Fantasy  -  Mauritius",43,"Mauritius","total  -  Fantasy"
"total  -  Mystery  -  Mauritius",65,"Mauritius","total  -  Mystery"
"total  -  Romance  -  Mauritius",102,"Mauritius","total  -  Romance"
"total  -  Sci Fi  -  Mauritius",38,"Mauritius","total  -  Sci Fi"
"total  -  Thriller  -  Mauritius",64,"Mauritius","total  -  Thriller"
"total  -  Action  -  Mexico",135,"Mexico","total  -  Action"
"total  -  Adventure  -  Mexico",136,"Mexico","total  -  Adventure"
"total  -  Animation  -  Mexico",87,"Mexico","total  -  Animation"
"total  -  Comedy  -  Mexico",211,"Mexico","total  -  Comedy"
"total  -  Crime  -  Mexico",99,"Mexico","total  -  Crime"
"total  -  Drama  -  Mexico",322,"Mexico","total  -  Drama"
"total  -  Horror  -  Mexico",36,"Mexico","total  -  Horror"
"total  -  Mystery  -  Mexico",47,"Mexico","total  -  Mystery"
"total  -  Romance  -  Mexico",108,"Mexico","total  -  Romance"
"total  -  Thriller  -  Mexico",56,"Mexico","total  -  Thriller"
"total  -  Action  -  Morocco",258,"Morocco","total  -  Action"
"total  -  Adventure  -  Morocco",102,"Morocco","total  -  Adventure"
"total  -  Animation  -  Morocco",33,"Morocco","total  -  Animation"
"total  -  Comedy  -  Morocco",173,"Morocco","total  -  Comedy"
"total  -  Crime  -  Morocco",191,"Morocco","total  -  Crime"
"total  -  Drama  -  Morocco",361,"Morocco","total  -  Drama"
"total  -  Horror  -  Morocco",30,"Morocco","total  -  Horror"
"total  -  Mystery  -  Morocco",63,"Morocco","total  -  Mystery"
"total  -  Romance  -  Morocco",83,"Morocco","total  -  Romance"
"total  -  Thriller  -  Morocco",82,"Morocco","total  -  Thriller"
"total  -  Action  -  Netherlands",173,"Netherlands","total  -  Action"
"total  -  Adventure  -  Netherlands",124,"Netherlands","total  -  Adventure"
"total  -  Animation  -  Netherlands",53,"Netherlands","total  -  Animation"
"total  -  Comedy  -  Netherlands",157,"Netherlands","total  -  Comedy"
"total  -  Crime  -  Netherlands",154,"Netherlands","total  -  Crime"
"total  -  Drama  -  Netherlands",328,"Netherlands","total  -  Drama"
"total  -  Fantasy  -  Netherlands",40,"Netherlands","total  -  Fantasy"
"total  -  Mystery  -  Netherlands",57,"Netherlands","total  -  Mystery"
"total  -  Romance  -  Netherlands",84,"Netherlands","total  -  Romance"
"total  -  Thriller  -  Netherlands",69,"Netherlands","total  -  Thriller"
"total  -  Action  -  New Caledonia",265,"New Caledonia","total  -  Action"
"total  -  Adventure  -  New Caledonia",143,"New Caledonia","total  -  Adventure"
"total  -  Animation  -  New Caledonia",65,"New Caledonia","total  -  Animation"
"total  -  Comedy  -  New Caledonia",142,"New Caledonia","total  -  Comedy"
"total  -  Crime  -  New Caledonia",136,"New Caledonia","total  -  Crime"
"total  -  Drama  -  New Caledonia",332,"New Caledonia","total  -  Drama"
"total  -  Fantasy  -  New Caledonia",54,"New Caledonia","total  -  Fantasy"
"total  -  Mystery  -  New Caledonia",38,"New Caledonia","total  -  Mystery"
"total  -  Romance  -  New Caledonia",69,"New Caledonia","total  -  Romance"
"total  -  Thriller  -  New Caledonia",72,"New Caledonia","total  -  Thriller"
"total  -  Action  -  New Zealand",198,"New Zealand","total  -  Action"
"total  -  Adventure  -  New Zealand",128,"New Zealand","total  -  Adventure"
"total  -  Animation  -  New Zealand",74,"New Zealand","total  -  Animation"
"total  -  Comedy  -  New Zealand",168,"New Zealand","total  -  Comedy"
"total  -  Crime  -  New Zealand",128,"New Zealand","total  -  Crime"
"total  -  Drama  -  New Zealand",292,"New Zealand","total  -  Drama"
"total  -  Mystery  -  New Zealand",59,"New Zealand","total  -  Mystery"
"total  -  Romance  -  New Zealand",56,"New Zealand","total  -  Romance"
"total  -  Sci Fi  -  New Zealand",37,"New Zealand","total  -  Sci Fi"
"total  -  Thriller  -  New Zealand",65,"New Zealand","total  -  Thriller"
"total  -  Action  -  Nicaragua",147,"Nicaragua","total  -  Action"
"total  -  Adventure  -  Nicaragua",88,"Nicaragua","total  -  Adventure"
"total  -  Animation  -  Nicaragua",42,"Nicaragua","total  -  Animation"
"total  -  Comedy  -  Nicaragua",186,"Nicaragua","total  -  Comedy"
"total  -  Crime  -  Nicaragua",98,"Nicaragua","total  -  Crime"
"total  -  Drama  -  Nicaragua",305,"Nicaragua","total  -  Drama"
"total  -  Horror  -  Nicaragua",32,"Nicaragua","total  -  Horror"
"total  -  Mystery  -  Nicaragua",46,"Nicaragua","total  -  Mystery"
"total  -  Romance  -  Nicaragua",123,"Nicaragua","total  -  Romance"
"total  -  Thriller  -  Nicaragua",69,"Nicaragua","total  -  Thriller"
"total  -  Action  -  Nigeria",201,"Nigeria","total  -  Action"
"total  -  Adventure  -  Nigeria",72,"Nigeria","total  -  Adventure"
"total  -  Comedy  -  Nigeria",148,"Nigeria","total  -  Comedy"
"total  -  Crime  -  Nigeria",142,"Nigeria","total  -  Crime"
"total  -  Drama  -  Nigeria",334,"Nigeria","total  -  Drama"
"total  -  Fantasy  -  Nigeria",36,"Nigeria","total  -  Fantasy"
"total  -  Mystery  -  Nigeria",65,"Nigeria","total  -  Mystery"
"total  -  Romance  -  Nigeria",117,"Nigeria","total  -  Romance"
"total  -  Sci Fi  -  Nigeria",38,"Nigeria","total  -  Sci Fi"
"total  -  Thriller  -  Nigeria",63,"Nigeria","total  -  Thriller"
"total  -  Action  -  Norway",180,"Norway","total  -  Action"
"total  -  Adventure  -  Norway",119,"Norway","total  -  Adventure"
"total  -  Animation  -  Norway",51,"Norway","total  -  Animation"
"total  -  Comedy  -  Norway",168,"Norway","total  -  Comedy"
"total  -  Crime  -  Norway",134,"Norway","total  -  Crime"
"total  -  Drama  -  Norway",336,"Norway","total  -  Drama"
"total  -  Fantasy  -  Norway",43,"Norway","total  -  Fantasy"
"total  -  Mystery  -  Norway",46,"Norway","total  -  Mystery"
"total  -  Romance  -  Norway",87,"Norway","total  -  Romance"
"total  -  Thriller  -  Norway",53,"Norway","total  -  Thriller"
"total  -  Action  -  Oman",208,"Oman","total  -  Action"
"total  -  Adventure  -  Oman",100,"Oman","total  -  Adventure"
"total  -  Comedy  -  Oman",120,"Oman","total  -  Comedy"
"total  -  Crime  -  Oman",125,"Oman","total  -  Crime"
"total  -  Drama  -  Oman",281,"Oman","total  -  Drama"
"total  -  Fantasy  -  Oman",37,"Oman","total  -  Fantasy"
"total  -  Horror  -  Oman",39,"Oman","total  -  Horror"
"total  -  Mystery  -  Oman",53,"Oman","total  -  Mystery"
"total  -  Romance  -  Oman",66,"Oman","total  -  Romance"
"total  -  Thriller  -  Oman",73,"Oman","total  -  Thriller"
"total  -  Action  -  Pakistan",308,"Pakistan","total  -  Action"
"total  -  Adventure  -  Pakistan",104,"Pakistan","total  -  Adventure"
"total  -  Comedy  -  Pakistan",143,"Pakistan","total  -  Comedy"
"total  -  Crime  -  Pakistan",231,"Pakistan","total  -  Crime"
"total  -  Drama  -  Pakistan",377,"Pakistan","total  -  Drama"
"total  -  Horror  -  Pakistan",38,"Pakistan","total  -  Horror"
"total  -  Mystery  -  Pakistan",95,"Pakistan","total  -  Mystery"
"total  -  Romance  -  Pakistan",66,"Pakistan","total  -  Romance"
"total  -  Sci Fi  -  Pakistan",47,"Pakistan","total  -  Sci Fi"
"total  -  Thriller  -  Pakistan",87,"Pakistan","total  -  Thriller"
"total  -  Action  -  Panama",159,"Panama","total  -  Action"
"total  -  Adventure  -  Panama",113,"Panama","total  -  Adventure"
"total  -  Animation  -  Panama",62,"Panama","total  -  Animation"
"total  -  Comedy  -  Panama",191,"Panama","total  -  Comedy"
"total  -  Crime  -  Panama",116,"Panama","total  -  Crime"
"total  -  Drama  -  Panama",315,"Panama","total  -  Drama"
"total  -  Horror  -  Panama",33,"Panama","total  -  Horror"
"total  -  Mystery  -  Panama",43,"Panama","total  -  Mystery"
"total  -  Romance  -  Panama",121,"Panama","total  -  Romance"
"total  -  Thriller  -  Panama",71,"Panama","total  -  Thriller"
"total  -  Action  -  Paraguay",150,"Paraguay","total  -  Action"
"total  -  Adventure  -  Paraguay",103,"Paraguay","total  -  Adventure"
"total  -  Animation  -  Paraguay",53,"Paraguay","total  -  Animation"
"total  -  Comedy  -  Paraguay",194,"Paraguay","total  -  Comedy"
"total  -  Crime  -  Paraguay",110,"Paraguay","total  -  Crime"
"total  -  Drama  -  Paraguay",320,"Paraguay","total  -  Drama"
"total  -  Horror  -  Paraguay",33,"Paraguay","total  -  Horror"
"total  -  Mystery  -  Paraguay",52,"Paraguay","total  -  Mystery"
"total  -  Romance  -  Paraguay",119,"Paraguay","total  -  Romance"
"total  -  Thriller  -  Paraguay",72,"Paraguay","total  -  Thriller"
"total  -  Action  -  Peru",172,"Peru","total  -  Action"
"total  -  Adventure  -  Peru",123,"Peru","total  -  Adventure"
"total  -  Animation  -  Peru",65,"Peru","total  -  Animation"
"total  -  Comedy  -  Peru",182,"Peru","total  -  Comedy"
"total  -  Crime  -  Peru",102,"Peru","total  -  Crime"
"total  -  Drama  -  Peru",294,"Peru","total  -  Drama"
"total  -  Horror  -  Peru",36,"Peru","total  -  Horror"
"total  -  Mystery  -  Peru",47,"Peru","total  -  Mystery"
"total  -  Romance  -  Peru",107,"Peru","total  -  Romance"
"total  -  Thriller  -  Peru",65,"Peru","total  -  Thriller"
"total  -  Action  -  Philippines",221,"Philippines","total  -  Action"
"total  -  Adventure  -  Philippines",97,"Philippines","total  -  Adventure"
"total  -  Comedy  -  Philippines",162,"Philippines","total  -  Comedy"
"total  -  Crime  -  Philippines",130,"Philippines","total  -  Crime"
"total  -  Drama  -  Philippines",307,"Philippines","total  -  Drama"
"total  -  Horror  -  Philippines",45,"Philippines","total  -  Horror"
"total  -  Mystery  -  Philippines",64,"Philippines","total  -  Mystery"
"total  -  Romance  -  Philippines",113,"Philippines","total  -  Romance"
"total  -  Sci Fi  -  Philippines",52,"Philippines","total  -  Sci Fi"
"total  -  Thriller  -  Philippines",73,"Philippines","total  -  Thriller"
"total  -  Action  -  Poland",159,"Poland","total  -  Action"
"total  -  Adventure  -  Poland",172,"Poland","total  -  Adventure"
"total  -  Animation  -  Poland",104,"Poland","total  -  Animation"
"total  -  Comedy  -  Poland",204,"Poland","total  -  Comedy"
"total  -  Crime  -  Poland",134,"Poland","total  -  Crime"
"total  -  Drama  -  Poland",307,"Poland","total  -  Drama"
"total  -  Fantasy  -  Poland",42,"Poland","total  -  Fantasy"
"total  -  Mystery  -  Poland",55,"Poland","total  -  Mystery"
"total  -  Romance  -  Poland",77,"Poland","total  -  Romance"
"total  -  Thriller  -  Poland",67,"Poland","total  -  Thriller"
"total  -  Action  -  Portugal",174,"Portugal","total  -  Action"
"total  -  Adventure  -  Portugal",111,"Portugal","total  -  Adventure"
"total  -  Comedy  -  Portugal",172,"Portugal","total  -  Comedy"
"total  -  Crime  -  Portugal",112,"Portugal","total  -  Crime"
"total  -  Drama  -  Portugal",306,"Portugal","total  -  Drama"
"total  -  Family  -  Portugal",47,"Portugal","total  -  Family"
"total  -  Music  -  Portugal",53,"Portugal","total  -  Music"
"total  -  Mystery  -  Portugal",41,"Portugal","total  -  Mystery"
"total  -  Romance  -  Portugal",98,"Portugal","total  -  Romance"
"total  -  Thriller  -  Portugal",58,"Portugal","total  -  Thriller"
"total  -  Action  -  Qatar",227,"Qatar","total  -  Action"
"total  -  Adventure  -  Qatar",121,"Qatar","total  -  Adventure"
"total  -  Comedy  -  Qatar",146,"Qatar","total  -  Comedy"
"total  -  Crime  -  Qatar",129,"Qatar","total  -  Crime"
"total  -  Drama  -  Qatar",337,"Qatar","total  -  Drama"
"total  -  Fantasy  -  Qatar",42,"Qatar","total  -  Fantasy"
"total  -  Horror  -  Qatar",33,"Qatar","total  -  Horror"
"total  -  Mystery  -  Qatar",51,"Qatar","total  -  Mystery"
"total  -  Romance  -  Qatar",114,"Qatar","total  -  Romance"
"total  -  Thriller  -  Qatar",71,"Qatar","total  -  Thriller"
"total  -  Action  -  Réunion",218,"Réunion","total  -  Action"
"total  -  Adventure  -  Réunion",140,"Réunion","total  -  Adventure"
"total  -  Animation  -  Réunion",61,"Réunion","total  -  Animation"
"total  -  Comedy  -  Réunion",172,"Réunion","total  -  Comedy"
"total  -  Crime  -  Réunion",113,"Réunion","total  -  Crime"
"total  -  Drama  -  Réunion",331,"Réunion","total  -  Drama"
"total  -  Fantasy  -  Réunion",53,"Réunion","total  -  Fantasy"
"total  -  Mystery  -  Réunion",47,"Réunion","total  -  Mystery"
"total  -  Romance  -  Réunion",85,"Réunion","total  -  Romance"
"total  -  Thriller  -  Réunion",63,"Réunion","total  -  Thriller"
"total  -  Action  -  Romania",186,"Romania","total  -  Action"
"total  -  Adventure  -  Romania",105,"Romania","total  -  Adventure"
"total  -  Comedy  -  Romania",155,"Romania","total  -  Comedy"
"total  -  Crime  -  Romania",143,"Romania","total  -  Crime"
"total  -  Drama  -  Romania",350,"Romania","total  -  Drama"
"total  -  Fantasy  -  Romania",41,"Romania","total  -  Fantasy"
"total  -  Horror  -  Romania",29,"Romania","total  -  Horror"
"total  -  Mystery  -  Romania",71,"Romania","total  -  Mystery"
"total  -  Romance  -  Romania",105,"Romania","total  -  Romance"
"total  -  Thriller  -  Romania",70,"Romania","total  -  Thriller"
"total  -  Action  -  Russia",270,"Russia","total  -  Action"
"total  -  Adventure  -  Russia",134,"Russia","total  -  Adventure"
"total  -  Animation  -  Russia",60,"Russia","total  -  Animation"
"total  -  Comedy  -  Russia",170,"Russia","total  -  Comedy"
"total  -  Crime  -  Russia",210,"Russia","total  -  Crime"
"total  -  Drama  -  Russia",329,"Russia","total  -  Drama"
"total  -  Fantasy  -  Russia",43,"Russia","total  -  Fantasy"
"total  -  Mystery  -  Russia",55,"Russia","total  -  Mystery"
"total  -  Romance  -  Russia",56,"Russia","total  -  Romance"
"total  -  Thriller  -  Russia",60,"Russia","total  -  Thriller"
"total  -  Action  -  Saudi Arabia",253,"Saudi Arabia","total  -  Action"
"total  -  Adventure  -  Saudi Arabia",103,"Saudi Arabia","total  -  Adventure"
"total  -  Animation  -  Saudi Arabia",43,"Saudi Arabia","total  -  Animation"
"total  -  Comedy  -  Saudi Arabia",152,"Saudi Arabia","total  -  Comedy"
"total  -  Crime  -  Saudi Arabia",157,"Saudi Arabia","total  -  Crime"
"total  -  Drama  -  Saudi Arabia",328,"Saudi Arabia","total  -  Drama"
"total  -  Horror  -  Saudi Arabia",46,"Saudi Arabia","total  -  Horror"
"total  -  Mystery  -  Saudi Arabia",59,"Saudi Arabia","total  -  Mystery"
"total  -  Romance  -  Saudi Arabia",79,"Saudi Arabia","total  -  Romance"
"total  -  Thriller  -  Saudi Arabia",78,"Saudi Arabia","total  -  Thriller"
"total  -  Action  -  Serbia",213,"Serbia","total  -  Action"
"total  -  Adventure  -  Serbia",114,"Serbia","total  -  Adventure"
"total  -  Animation  -  Serbia",38,"Serbia","total  -  Animation"
"total  -  Comedy  -  Serbia",186,"Serbia","total  -  Comedy"
"total  -  Crime  -  Serbia",144,"Serbia","total  -  Crime"
"total  -  Drama  -  Serbia",311,"Serbia","total  -  Drama"
"total  -  Fantasy  -  Serbia",35,"Serbia","total  -  Fantasy"
"total  -  Mystery  -  Serbia",50,"Serbia","total  -  Mystery"
"total  -  Romance  -  Serbia",96,"Serbia","total  -  Romance"
"total  -  Thriller  -  Serbia",70,"Serbia","total  -  Thriller"
"total  -  Action  -  Singapore",235,"Singapore","total  -  Action"
"total  -  Adventure  -  Singapore",100,"Singapore","total  -  Adventure"
"total  -  Comedy  -  Singapore",146,"Singapore","total  -  Comedy"
"total  -  Crime  -  Singapore",130,"Singapore","total  -  Crime"
"total  -  Drama  -  Singapore",317,"Singapore","total  -  Drama"
"total  -  Horror  -  Singapore",38,"Singapore","total  -  Horror"
"total  -  Mystery  -  Singapore",76,"Singapore","total  -  Mystery"
"total  -  Romance  -  Singapore",94,"Singapore","total  -  Romance"
"total  -  Sci Fi  -  Singapore",50,"Singapore","total  -  Sci Fi"
"total  -  Thriller  -  Singapore",72,"Singapore","total  -  Thriller"
"total  -  Action  -  Slovakia",196,"Slovakia","total  -  Action"
"total  -  Adventure  -  Slovakia",141,"Slovakia","total  -  Adventure"
"total  -  Animation  -  Slovakia",73,"Slovakia","total  -  Animation"
"total  -  Comedy  -  Slovakia",194,"Slovakia","total  -  Comedy"
"total  -  Crime  -  Slovakia",130,"Slovakia","total  -  Crime"
"total  -  Drama  -  Slovakia",304,"Slovakia","total  -  Drama"
"total  -  Fantasy  -  Slovakia",36,"Slovakia","total  -  Fantasy"
"total  -  Horror  -  Slovakia",36,"Slovakia","total  -  Horror"
"total  -  Mystery  -  Slovakia",49,"Slovakia","total  -  Mystery"
"total  -  Romance  -  Slovakia",79,"Slovakia","total  -  Romance"
"total  -  Thriller  -  Slovakia",46,"Slovakia","total  -  Thriller"
"total  -  Action  -  Slovenia",190,"Slovenia","total  -  Action"
"total  -  Adventure  -  Slovenia",123,"Slovenia","total  -  Adventure"
"total  -  Animation  -  Slovenia",42,"Slovenia","total  -  Animation"
"total  -  Comedy  -  Slovenia",189,"Slovenia","total  -  Comedy"
"total  -  Crime  -  Slovenia",110,"Slovenia","total  -  Crime"
"total  -  Drama  -  Slovenia",268,"Slovenia","total  -  Drama"
"total  -  Fantasy  -  Slovenia",36,"Slovenia","total  -  Fantasy"
"total  -  Mystery  -  Slovenia",42,"Slovenia","total  -  Mystery"
"total  -  Romance  -  Slovenia",84,"Slovenia","total  -  Romance"
"total  -  Thriller  -  Slovenia",48,"Slovenia","total  -  Thriller"
"total  -  Action  -  South Africa",190,"South Africa","total  -  Action"
"total  -  Adventure  -  South Africa",109,"South Africa","total  -  Adventure"
"total  -  Animation  -  South Africa",49,"South Africa","total  -  Animation"
"total  -  Comedy  -  South Africa",194,"South Africa","total  -  Comedy"
"total  -  Crime  -  South Africa",102,"South Africa","total  -  Crime"
"total  -  Drama  -  South Africa",326,"South Africa","total  -  Drama"
"total  -  Mystery  -  South Africa",61,"South Africa","total  -  Mystery"
"total  -  Romance  -  South Africa",105,"South Africa","total  -  Romance"
"total  -  Sci Fi  -  South Africa",50,"South Africa","total  -  Sci Fi"
"total  -  Thriller  -  South Africa",54,"South Africa","total  -  Thriller"
"total  -  Action  -  South Korea",190,"South Korea","total  -  Action"
"total  -  Adventure  -  South Korea",80,"South Korea","total  -  Adventure"
"total  -  Comedy  -  South Korea",160,"South Korea","total  -  Comedy"
"total  -  Crime  -  South Korea",85,"South Korea","total  -  Crime"
"total  -  Drama  -  South Korea",303,"South Korea","total  -  Drama"
"total  -  Fantasy  -  South Korea",47,"South Korea","total  -  Fantasy"
"total  -  Mystery  -  South Korea",42,"South Korea","total  -  Mystery"
"total  -  Romance  -  South Korea",119,"South Korea","total  -  Romance"
"total  -  Sci Fi  -  South Korea",41,"South Korea","total  -  Sci Fi"
"total  -  Thriller  -  South Korea",84,"South Korea","total  -  Thriller"
"total  -  Action  -  Spain",182,"Spain","total  -  Action"
"total  -  Adventure  -  Spain",112,"Spain","total  -  Adventure"
"total  -  Comedy  -  Spain",169,"Spain","total  -  Comedy"
"total  -  Crime  -  Spain",134,"Spain","total  -  Crime"
"total  -  Drama  -  Spain",316,"Spain","total  -  Drama"
"total  -  Fantasy  -  Spain",38,"Spain","total  -  Fantasy"
"total  -  Horror  -  Spain",39,"Spain","total  -  Horror"
"total  -  Mystery  -  Spain",55,"Spain","total  -  Mystery"
"total  -  Romance  -  Spain",99,"Spain","total  -  Romance"
"total  -  Thriller  -  Spain",52,"Spain","total  -  Thriller"
"total  -  Action  -  Sri Lanka",199,"Sri Lanka","total  -  Action"
"total  -  Adventure  -  Sri Lanka",75,"Sri Lanka","total  -  Adventure"
"total  -  Comedy  -  Sri Lanka",173,"Sri Lanka","total  -  Comedy"
"total  -  Crime  -  Sri Lanka",143,"Sri Lanka","total  -  Crime"
"total  -  Drama  -  Sri Lanka",364,"Sri Lanka","total  -  Drama"
"total  -  Fantasy  -  Sri Lanka",33,"Sri Lanka","total  -  Fantasy"
"total  -  Mystery  -  Sri Lanka",79,"Sri Lanka","total  -  Mystery"
"total  -  Romance  -  Sri Lanka",116,"Sri Lanka","total  -  Romance"
"total  -  Sci Fi  -  Sri Lanka",38,"Sri Lanka","total  -  Sci Fi"
"total  -  Thriller  -  Sri Lanka",63,"Sri Lanka","total  -  Thriller"
"total  -  Action  -  Sweden",187,"Sweden","total  -  Action"
"total  -  Adventure  -  Sweden",128,"Sweden","total  -  Adventure"
"total  -  Animation  -  Sweden",59,"Sweden","total  -  Animation"
"total  -  Comedy  -  Sweden",159,"Sweden","total  -  Comedy"
"total  -  Crime  -  Sweden",131,"Sweden","total  -  Crime"
"total  -  Drama  -  Sweden",332,"Sweden","total  -  Drama"
"total  -  Fantasy  -  Sweden",46,"Sweden","total  -  Fantasy"
"total  -  Mystery  -  Sweden",51,"Sweden","total  -  Mystery"
"total  -  Romance  -  Sweden",80,"Sweden","total  -  Romance"
"total  -  Thriller  -  Sweden",55,"Sweden","total  -  Thriller"
"total  -  Action  -  Switzerland",194,"Switzerland","total  -  Action"
"total  -  Adventure  -  Switzerland",121,"Switzerland","total  -  Adventure"
"total  -  Comedy  -  Switzerland",180,"Switzerland","total  -  Comedy"
"total  -  Crime  -  Switzerland",149,"Switzerland","total  -  Crime"
"total  -  Drama  -  Switzerland",334,"Switzerland","total  -  Drama"
"total  -  Family  -  Switzerland",41,"Switzerland","total  -  Family"
"total  -  Fantasy  -  Switzerland",59,"Switzerland","total  -  Fantasy"
"total  -  Mystery  -  Switzerland",63,"Switzerland","total  -  Mystery"
"total  -  Romance  -  Switzerland",86,"Switzerland","total  -  Romance"
"total  -  Thriller  -  Switzerland",60,"Switzerland","total  -  Thriller"
"total  -  Action  -  Taiwan",207,"Taiwan","total  -  Action"
"total  -  Adventure  -  Taiwan",101,"Taiwan","total  -  Adventure"
"total  -  Comedy  -  Taiwan",157,"Taiwan","total  -  Comedy"
"total  -  Crime  -  Taiwan",106,"Taiwan","total  -  Crime"
"total  -  Drama  -  Taiwan",344,"Taiwan","total  -  Drama"
"total  -  Fantasy  -  Taiwan",42,"Taiwan","total  -  Fantasy"
"total  -  Mystery  -  Taiwan",82,"Taiwan","total  -  Mystery"
"total  -  Romance  -  Taiwan",155,"Taiwan","total  -  Romance"
"total  -  Sci Fi  -  Taiwan",47,"Taiwan","total  -  Sci Fi"
"total  -  Thriller  -  Taiwan",59,"Taiwan","total  -  Thriller"
"total  -  Action  -  Thailand",260,"Thailand","total  -  Action"
"total  -  Adventure  -  Thailand",152,"Thailand","total  -  Adventure"
"total  -  Comedy  -  Thailand",206,"Thailand","total  -  Comedy"
"total  -  Crime  -  Thailand",121,"Thailand","total  -  Crime"
"total  -  Drama  -  Thailand",262,"Thailand","total  -  Drama"
"total  -  Fantasy  -  Thailand",49,"Thailand","total  -  Fantasy"
"total  -  Mystery  -  Thailand",66,"Thailand","total  -  Mystery"
"total  -  Romance  -  Thailand",136,"Thailand","total  -  Romance"
"total  -  Sci Fi  -  Thailand",50,"Thailand","total  -  Sci Fi"
"total  -  Thriller  -  Thailand",79,"Thailand","total  -  Thriller"
"total  -  Action  -  Trinidad and Tobago",202,"Trinidad and Tobago","total  -  Action"
"total  -  Adventure  -  Trinidad and Tobago",121,"Trinidad and Tobago","total  -  Adventure"
"total  -  Animation  -  Trinidad and Tobago",55,"Trinidad and Tobago","total  -  Animation"
"total  -  Comedy  -  Trinidad and Tobago",163,"Trinidad and Tobago","total  -  Comedy"
"total  -  Crime  -  Trinidad and Tobago",126,"Trinidad and Tobago","total  -  Crime"
"total  -  Drama  -  Trinidad and Tobago",296,"Trinidad and Tobago","total  -  Drama"
"total  -  Fantasy  -  Trinidad and Tobago",40,"Trinidad and Tobago","total  -  Fantasy"
"total  -  Mystery  -  Trinidad and Tobago",50,"Trinidad and Tobago","total  -  Mystery"
"total  -  Romance  -  Trinidad and Tobago",86,"Trinidad and Tobago","total  -  Romance"
"total  -  Thriller  -  Trinidad and Tobago",94,"Trinidad and Tobago","total  -  Thriller"
"total  -  Action  -  Turkey",229,"Turkey","total  -  Action"
"total  -  Adventure  -  Turkey",127,"Turkey","total  -  Adventure"
"total  -  Comedy  -  Turkey",151,"Turkey","total  -  Comedy"
"total  -  Crime  -  Turkey",143,"Turkey","total  -  Crime"
"total  -  Drama  -  Turkey",341,"Turkey","total  -  Drama"
"total  -  Fantasy  -  Turkey",62,"Turkey","total  -  Fantasy"
"total  -  Horror  -  Turkey",42,"Turkey","total  -  Horror"
"total  -  Mystery  -  Turkey",61,"Turkey","total  -  Mystery"
"total  -  Romance  -  Turkey",83,"Turkey","total  -  Romance"
"total  -  Sci Fi  -  Turkey",42,"Turkey","total  -  Sci Fi"
"total  -  Thriller  -  Turkey",71,"Turkey","total  -  Thriller"
"total  -  Action  -  Ukraine",227,"Ukraine","total  -  Action"
"total  -  Adventure  -  Ukraine",139,"Ukraine","total  -  Adventure"
"total  -  Animation  -  Ukraine",66,"Ukraine","total  -  Animation"
"total  -  Comedy  -  Ukraine",179,"Ukraine","total  -  Comedy"
"total  -  Crime  -  Ukraine",165,"Ukraine","total  -  Crime"
"total  -  Drama  -  Ukraine",317,"Ukraine","total  -  Drama"
"total  -  Fantasy  -  Ukraine",36,"Ukraine","total  -  Fantasy"
"total  -  Mystery  -  Ukraine",50,"Ukraine","total  -  Mystery"
"total  -  Romance  -  Ukraine",67,"Ukraine","total  -  Romance"
"total  -  Thriller  -  Ukraine",62,"Ukraine","total  -  Thriller"
"total  -  Action  -  United Arab Emirates",221,"United Arab Emirates","total  -  Action"
"total  -  Adventure  -  United Arab Emirates",122,"United Arab Emirates","total  -  Adventure"
"total  -  Animation  -  United Arab Emirates",39,"United Arab Emirates","total  -  Animation"
"total  -  Comedy  -  United Arab Emirates",161,"United Arab Emirates","total  -  Comedy"
"total  -  Crime  -  United Arab Emirates",136,"United Arab Emirates","total  -  Crime"
"total  -  Drama  -  United Arab Emirates",343,"United Arab Emirates","total  -  Drama"
"total  -  Fantasy  -  United Arab Emirates",43,"United Arab Emirates","total  -  Fantasy"
"total  -  Mystery  -  United Arab Emirates",51,"United Arab Emirates","total  -  Mystery"
"total  -  Romance  -  United Arab Emirates",116,"United Arab Emirates","total  -  Romance"
"total  -  Thriller  -  United Arab Emirates",66,"United Arab Emirates","total  -  Thriller"
"total  -  Action  -  United Kingdom",186,"United Kingdom","total  -  Action"
"total  -  Adventure  -  United Kingdom",141,"United Kingdom","total  -  Adventure"
"total  -  Animation  -  United Kingdom",66,"United Kingdom","total  -  Animation"
"total  -  Comedy  -  United Kingdom",212,"United Kingdom","total  -  Comedy"
"total  -  Crime  -  United Kingdom",112,"United Kingdom","total  -  Crime"
"total  -  Drama  -  United Kingdom",273,"United Kingdom","total  -  Drama"
"total  -  Fantasy  -  United Kingdom",38,"United Kingdom","total  -  Fantasy"
"total  -  Mystery  -  United Kingdom",37,"United Kingdom","total  -  Mystery"
"total  -  Romance  -  United Kingdom",83,"United Kingdom","total  -  Romance"
"total  -  Thriller  -  United Kingdom",58,"United Kingdom","total  -  Thriller"
"total  -  Action  -  United States",156,"United States","total  -  Action"
"total  -  Adventure  -  United States",114,"United States","total  -  Adventure"
"total  -  Animation  -  United States",53,"United States","total  -  Animation"
"total  -  Comedy  -  United States",164,"United States","total  -  Comedy"
"total  -  Crime  -  United States",105,"United States","total  -  Crime"
"total  -  Drama  -  United States",279,"United States","total  -  Drama"
"total  -  Family  -  United States",35,"United States","total  -  Family"
"total  -  Mystery  -  United States",57,"United States","total  -  Mystery"
"total  -  Romance  -  United States",60,"United States","total  -  Romance"
"total  -  Thriller  -  United States",44,"United States","total  -  Thriller"
"total  -  Action  -  Uruguay",150,"Uruguay","total  -  Action"
"total  -  Adventure  -  Uruguay",111,"Uruguay","total  -  Adventure"
"total  -  Animation  -  Uruguay",47,"Uruguay","total  -  Animation"
"total  -  Comedy  -  Uruguay",158,"Uruguay","total  -  Comedy"
"total  -  Crime  -  Uruguay",148,"Uruguay","total  -  Crime"
"total  -  Drama  -  Uruguay",367,"Uruguay","total  -  Drama"
"total  -  Horror  -  Uruguay",41,"Uruguay","total  -  Horror"
"total  -  Mystery  -  Uruguay",68,"Uruguay","total  -  Mystery"
"total  -  Romance  -  Uruguay",82,"Uruguay","total  -  Romance"
"total  -  Thriller  -  Uruguay",81,"Uruguay","total  -  Thriller"
"total  -  Action  -  Venezuela",147,"Venezuela","total  -  Action"
"total  -  Adventure  -  Venezuela",83,"Venezuela","total  -  Adventure"
"total  -  Animation  -  Venezuela",38,"Venezuela","total  -  Animation"
"total  -  Comedy  -  Venezuela",178,"Venezuela","total  -  Comedy"
"total  -  Crime  -  Venezuela",115,"Venezuela","total  -  Crime"
"total  -  Drama  -  Venezuela",320,"Venezuela","total  -  Drama"
"total  -  Horror  -  Venezuela",31,"Venezuela","total  -  Horror"
"total  -  Mystery  -  Venezuela",49,"Venezuela","total  -  Mystery"
"total  -  Romance  -  Venezuela",118,"Venezuela","total  -  Romance"
"total  -  Thriller  -  Venezuela",76,"Venezuela","total  -  Thriller"
"total  -  Action  -  Vietnam",282,"Vietnam","total  -  Action"
"total  -  Adventure  -  Vietnam",130,"Vietnam","total  -  Adventure"
"total  -  Comedy  -  Vietnam",232,"Vietnam","total  -  Comedy"
"total  -  Crime  -  Vietnam",132,"Vietnam","total  -  Crime"
"total  -  Drama  -  Vietnam",319,"Vietnam","total  -  Drama"
"total  -  Fantasy  -  Vietnam",46,"Vietnam","total  -  Fantasy"
"total  -  Mystery  -  Vietnam",64,"Vietnam","total  -  Mystery"
"total  -  Romance  -  Vietnam",123,"Vietnam","total  -  Romance"
"total  -  Sci Fi  -  Vietnam",49,"Vietnam","total  -  Sci Fi"
"total  -  Thriller  -  Vietnam",83,"Vietnam","total  -  Thriller"
